method	database_mode	ligand	receptor	sender	receiver	score_raw	score_std	rank_within_method	rank_fraction	fdr_or_pvalue	resolution	spatial_support_type	artifact_path	sender_mean_expr	receiver_mean_expr	lr_pair	method_source	sender_diffused_mean	receiver_diffused_mean	diffusion_alpha	spatial_coherence	local_lr_score	edge_count	spatialdm_moran_r	spatialdm_zscore	n_spots	n_spots_sig	n_spots_sig_pval	local_contact	contact_strength_normalized	contact_coverage	cross_edge_count
cellphonedb	common-db	VWF	LRP1	Endothelial Cells	CAFs, DCIS Associated	7.089930353712428	0.99999915501717	2.0	0.99999915501717		celltype_pair	nonspatial_expression_baseline	/cfs/klemming/scratch/h/hutaobo/topolink_cci_benchmark_2026-04/runs/full_common/cellphonedb/raw	3.036243667642902	2.3350992640246444	VWF-LRP1	cellphonedb															
cellphonedb	common-db	VWF	LRP1	Endothelial Cells	CAFs, Invasive Associated	6.680081612469297	0.99999831003434	3.0	0.99999831003434		celltype_pair	nonspatial_expression_baseline	/cfs/klemming/scratch/h/hutaobo/topolink_cci_benchmark_2026-04/runs/full_common/cellphonedb/raw	3.036243667642902	2.2001138062990777	VWF-LRP1	cellphonedb															
cellphonedb	common-db	CCN2	LRP1	CAFs, Invasive Associated	CAFs, DCIS Associated	6.648912765789715	0.99999746505151	4.0	0.99999746505151		celltype_pair	nonspatial_expression_baseline	/cfs/klemming/scratch/h/hutaobo/topolink_cci_benchmark_2026-04/runs/full_common/cellphonedb/raw	2.8473790678731263	2.3350992640246444	CCN2-LRP1	cellphonedb															
cellphonedb	common-db	PLAT	LRP1	11q13 Invasive Tumor Cells	CAFs, DCIS Associated	6.61271584743699	0.9999966200686802	5.0	0.9999966200686802		celltype_pair	nonspatial_expression_baseline	/cfs/klemming/scratch/h/hutaobo/topolink_cci_benchmark_2026-04/runs/full_common/cellphonedb/raw	2.831877834623479	2.3350992640246444	PLAT-LRP1	cellphonedb															
cellphonedb	common-db	HSPG2	LRP1	Endothelial Cells	CAFs, DCIS Associated	6.574617771250328	0.9999957750858502	6.0	0.9999957750858502		celltype_pair	nonspatial_expression_baseline	/cfs/klemming/scratch/h/hutaobo/topolink_cci_benchmark_2026-04/runs/full_common/cellphonedb/raw	2.815562435627979	2.3350992640246444	HSPG2-LRP1	cellphonedb															
cellphonedb	common-db	CCN2	LRP1	CAFs, Invasive Associated	CAFs, Invasive Associated	6.264557998994664	0.9999949301030204	7.0	0.9999949301030204		celltype_pair	nonspatial_expression_baseline	/cfs/klemming/scratch/h/hutaobo/topolink_cci_benchmark_2026-04/runs/full_common/cellphonedb/raw	2.8473790678731263	2.2001138062990777	CCN2-LRP1	cellphonedb															
cellphonedb	common-db	PLAT	LRP1	11q13 Invasive Tumor Cells	CAFs, Invasive Associated	6.230453521707453	0.9999940851201904	8.0	0.9999940851201904		celltype_pair	nonspatial_expression_baseline	/cfs/klemming/scratch/h/hutaobo/topolink_cci_benchmark_2026-04/runs/full_common/cellphonedb/raw	2.831877834623479	2.2001138062990777	PLAT-LRP1	cellphonedb															
cellphonedb	common-db	HSPG2	LRP1	Endothelial Cells	CAFs, Invasive Associated	6.194557787122175	0.9999932401373604	9.0	0.9999932401373604		celltype_pair	nonspatial_expression_baseline	/cfs/klemming/scratch/h/hutaobo/topolink_cci_benchmark_2026-04/runs/full_common/cellphonedb/raw	2.815562435627979	2.2001138062990777	HSPG2-LRP1	cellphonedb															
cellphonedb	common-db	COL6A1	ITGA6	CAFs, Invasive Associated	Endothelial Cells	5.928328677920953	0.9999915501717004	11.0	0.9999915501717004		celltype_pair	nonspatial_expression_baseline	/cfs/klemming/scratch/h/hutaobo/topolink_cci_benchmark_2026-04/runs/full_common/cellphonedb/raw	3.1809546499662296	1.863694811865328	COL6A1-ITGA6	cellphonedb															
cellphonedb	common-db	VWF	ITGB1	Endothelial Cells	CAFs, Invasive Associated	5.645684159430604	0.9999898602060406	13.0	0.9999898602060406		celltype_pair	nonspatial_expression_baseline	/cfs/klemming/scratch/h/hutaobo/topolink_cci_benchmark_2026-04/runs/full_common/cellphonedb/raw	3.036243667642902	1.8594305258159547	VWF-ITGB1	cellphonedb															
cellphonedb	common-db	PLAT	LRP1	11q13 Invasive Tumor Cells (G1/S)	CAFs, DCIS Associated	5.494327607738573	0.9999890152232108	14.0	0.9999890152232108		celltype_pair	nonspatial_expression_baseline	/cfs/klemming/scratch/h/hutaobo/topolink_cci_benchmark_2026-04/runs/full_common/cellphonedb/raw	2.3529310690924814	2.3350992640246444	PLAT-LRP1	cellphonedb															
cellphonedb	common-db	APP	LRP1	Basal-like Structured DCIS Cells	CAFs, DCIS Associated	5.435875812338939	0.9999873252575509	16.0	0.9999873252575509		celltype_pair	nonspatial_expression_baseline	/cfs/klemming/scratch/h/hutaobo/topolink_cci_benchmark_2026-04/runs/full_common/cellphonedb/raw	2.3278992444072686	2.3350992640246444	APP-LRP1	cellphonedb															
cellphonedb	common-db	HSPG2	ITGB1	Endothelial Cells	CAFs, Invasive Associated	5.235342740147383	0.9999856352918908	18.0	0.9999856352918908		celltype_pair	nonspatial_expression_baseline	/cfs/klemming/scratch/h/hutaobo/topolink_cci_benchmark_2026-04/runs/full_common/cellphonedb/raw	2.815562435627979	1.8594305258159547	HSPG2-ITGB1	cellphonedb															
cellphonedb	common-db	PLAT	LRP1	11q13 Invasive Tumor Cells (G1/S)	CAFs, Invasive Associated	5.1767161303804174	0.999984790309061	19.0	0.999984790309061		celltype_pair	nonspatial_expression_baseline	/cfs/klemming/scratch/h/hutaobo/topolink_cci_benchmark_2026-04/runs/full_common/cellphonedb/raw	2.3529310690924814	2.2001138062990777	PLAT-LRP1	cellphonedb															
cellphonedb	common-db	PLAT	LRP1	11q13 Invasive Tumor Cells (Mitotic)	CAFs, DCIS Associated	5.154356410268606	0.9999839453262308	20.0	0.9999839453262308		celltype_pair	nonspatial_expression_baseline	/cfs/klemming/scratch/h/hutaobo/topolink_cci_benchmark_2026-04/runs/full_common/cellphonedb/raw	2.2073393151539307	2.3350992640246444	PLAT-LRP1	cellphonedb															
cellphonedb	common-db	APP	LRP1	Basal-like Structured DCIS Cells	CAFs, Invasive Associated	5.121643267293623	0.9999822553605712	22.0	0.9999822553605712		celltype_pair	nonspatial_expression_baseline	/cfs/klemming/scratch/h/hutaobo/topolink_cci_benchmark_2026-04/runs/full_common/cellphonedb/raw	2.3278992444072686	2.2001138062990777	APP-LRP1	cellphonedb															
cellphonedb	common-db	PSAP	LRP1	Dendritic Cells	CAFs, DCIS Associated	5.06511938296633	0.9999805653949112	24.0	0.9999805653949112		celltype_pair	nonspatial_expression_baseline	/cfs/klemming/scratch/h/hutaobo/topolink_cci_benchmark_2026-04/runs/full_common/cellphonedb/raw	2.169123797433938	2.3350992640246444	PSAP-LRP1	cellphonedb															
cellphonedb	common-db	CXCL12	ITGB1	CAFs, DCIS Associated	CAFs, Invasive Associated	5.029305527611334	0.9999788754292512	26.0	0.9999788754292512		celltype_pair	nonspatial_expression_baseline	/cfs/klemming/scratch/h/hutaobo/topolink_cci_benchmark_2026-04/runs/full_common/cellphonedb/raw	2.7047558151732374	1.8594305258159547	CXCL12-ITGB1	cellphonedb															
cellphonedb	common-db	PLAT	LRP1	11q13 Invasive Tumor Cells (Mitotic)	CAFs, Invasive Associated	4.856397702456914	0.9999771854635914	28.0	0.9999771854635914		celltype_pair	nonspatial_expression_baseline	/cfs/klemming/scratch/h/hutaobo/topolink_cci_benchmark_2026-04/runs/full_common/cellphonedb/raw	2.2073393151539307	2.2001138062990777	PLAT-LRP1	cellphonedb															
cellphonedb	common-db	PSAP	LRP1	Dendritic Cells	CAFs, Invasive Associated	4.7723192143062905	0.9999754954979316	30.0	0.9999754954979316		celltype_pair	nonspatial_expression_baseline	/cfs/klemming/scratch/h/hutaobo/topolink_cci_benchmark_2026-04/runs/full_common/cellphonedb/raw	2.169123797433938	2.2001138062990777	PSAP-LRP1	cellphonedb															
laris	common-db	PLAT	LRP1	11q13 Invasive Tumor Cells	CAFs, DCIS Associated	5.290108664680475	1.0	1.0	1.0		celltype_pair	knn_diffusion_lr	/cfs/klemming/scratch/h/hutaobo/topolink_cci_benchmark_2026-04/runs/full_common/laris/raw			PLAT-LRP1	laris	2.741773374931986	1.9294478212706785	0.5												
laris	common-db	PLAT	LRP1	11q13 Invasive Tumor Cells (G1/S)	CAFs, DCIS Associated	4.448172817992109	0.9999977010349176	4.0	0.9999977010349176		celltype_pair	knn_diffusion_lr	/cfs/klemming/scratch/h/hutaobo/topolink_cci_benchmark_2026-04/runs/full_common/laris/raw			PLAT-LRP1	laris	2.3054123407507707	1.9294478212706785	0.5												
laris	common-db	PLAT	LRP1	11q13 Invasive Tumor Cells (Mitotic)	CAFs, DCIS Associated	4.281147197873925	0.9999946357481408	8.0	0.9999946357481408		celltype_pair	knn_diffusion_lr	/cfs/klemming/scratch/h/hutaobo/topolink_cci_benchmark_2026-04/runs/full_common/laris/raw			PLAT-LRP1	laris	2.218845801725017	1.9294478212706785	0.5												
laris	common-db	PLAT	LRP1	11q13 Invasive Tumor Cells	CAFs, Invasive Associated	4.135846885851443	0.9999923367830582	11.0	0.9999923367830582		celltype_pair	knn_diffusion_lr	/cfs/klemming/scratch/h/hutaobo/topolink_cci_benchmark_2026-04/runs/full_common/laris/raw			PLAT-LRP1	laris	2.741773374931986	1.5084568708943855	0.5												
laris	common-db	APP	LRP1	Basal-like Structured DCIS Cells	CAFs, DCIS Associated	4.038123336494129	0.9999908041396698	13.0	0.9999908041396698		celltype_pair	knn_diffusion_lr	/cfs/klemming/scratch/h/hutaobo/topolink_cci_benchmark_2026-04/runs/full_common/laris/raw			APP-LRP1	laris	2.092890666426386	1.9294478212706785	0.5												
laris	common-db	HSPG2	LRP1	Endothelial Cells	CAFs, DCIS Associated	3.963162214554297	0.9999892714962816	15.0	0.9999892714962816		celltype_pair	knn_diffusion_lr	/cfs/klemming/scratch/h/hutaobo/topolink_cci_benchmark_2026-04/runs/full_common/laris/raw			HSPG2-LRP1	laris	2.054039591464191	1.9294478212706785	0.5												
laris	common-db	VWF	LRP1	Endothelial Cells	CAFs, DCIS Associated	3.8781962958475273	0.9999869725311988	18.0	0.9999869725311988		celltype_pair	knn_diffusion_lr	/cfs/klemming/scratch/h/hutaobo/topolink_cci_benchmark_2026-04/runs/full_common/laris/raw			VWF-LRP1	laris	2.0100032004459494	1.9294478212706785	0.5												
laris	common-db	CCN2	LRP1	CAFs, Invasive Associated	CAFs, DCIS Associated	3.856935896772125	0.9999854398878104	20.0	0.9999854398878104		celltype_pair	knn_diffusion_lr	/cfs/klemming/scratch/h/hutaobo/topolink_cci_benchmark_2026-04/runs/full_common/laris/raw			CCN2-LRP1	laris	1.998984297088718	1.9294478212706785	0.5												
laris	common-db	CXCL12	ITGB1	CAFs, DCIS Associated	CAFs, Invasive Associated	3.633886771181732	0.999983140922728	23.0	0.999983140922728		celltype_pair	knn_diffusion_lr	/cfs/klemming/scratch/h/hutaobo/topolink_cci_benchmark_2026-04/runs/full_common/laris/raw			CXCL12-ITGB1	laris	2.318787809660492	1.5671493338210158	0.5												
laris	common-db	SERPINA1	LRP1	Apocrine Cells	CAFs, DCIS Associated	3.579056800038901	0.9999823746010338	24.0	0.9999823746010338		celltype_pair	knn_diffusion_lr	/cfs/klemming/scratch/h/hutaobo/topolink_cci_benchmark_2026-04/runs/full_common/laris/raw			SERPINA1-LRP1	laris	1.8549642859384703	1.9294478212706785	0.5												
laris	common-db	PLAT	LRP1	11q13 Invasive Tumor Cells (G1/S)	CAFs, Invasive Associated	3.4776150856502084	0.9999800756359511	27.0	0.9999800756359511		celltype_pair	knn_diffusion_lr	/cfs/klemming/scratch/h/hutaobo/topolink_cci_benchmark_2026-04/runs/full_common/laris/raw			PLAT-LRP1	laris	2.3054123407507707	1.5084568708943855	0.5												
laris	common-db	PLAT	LRP1	Basal-like Structured DCIS Cells	CAFs, DCIS Associated	3.432850426780189	0.999979309314257	28.0	0.999979309314257		celltype_pair	knn_diffusion_lr	/cfs/klemming/scratch/h/hutaobo/topolink_cci_benchmark_2026-04/runs/full_common/laris/raw			PLAT-LRP1	laris	1.7791880085771967	1.9294478212706785	0.5												
laris	common-db	PLAT	LRP1	11q13 Invasive Tumor Cells	Macrophages	3.382055698900828	0.9999785429925628	29.0	0.9999785429925628		celltype_pair	knn_diffusion_lr	/cfs/klemming/scratch/h/hutaobo/topolink_cci_benchmark_2026-04/runs/full_common/laris/raw			PLAT-LRP1	laris	2.741773374931986	1.2335285366117192	0.5												
laris	common-db	PLAT	LRP1	11q13 Invasive Tumor Cells (Mitotic)	CAFs, Invasive Associated	3.3470331950672634	0.9999777766708686	30.0	0.9999777766708686		celltype_pair	knn_diffusion_lr	/cfs/klemming/scratch/h/hutaobo/topolink_cci_benchmark_2026-04/runs/full_common/laris/raw			PLAT-LRP1	laris	2.218845801725017	1.5084568708943855	0.5												
laris	common-db	PLAT	LRP1	Apocrine Cells	CAFs, DCIS Associated	3.262109115963635	0.9999770103491744	31.0	0.9999770103491744		celltype_pair	knn_diffusion_lr	/cfs/klemming/scratch/h/hutaobo/topolink_cci_benchmark_2026-04/runs/full_common/laris/raw			PLAT-LRP1	laris	1.6906956902391403	1.9294478212706785	0.5												
laris	common-db	HSPG2	ITGB1	Endothelial Cells	CAFs, Invasive Associated	3.218986777405098	0.9999762440274804	32.0	0.9999762440274804		celltype_pair	knn_diffusion_lr	/cfs/klemming/scratch/h/hutaobo/topolink_cci_benchmark_2026-04/runs/full_common/laris/raw			HSPG2-ITGB1	laris	2.054039591464191	1.5671493338210158	0.5												
laris	common-db	PSAP	LRP1	Dendritic Cells	CAFs, DCIS Associated	3.1911329680620875	0.999975477705786	33.0	0.999975477705786		celltype_pair	knn_diffusion_lr	/cfs/klemming/scratch/h/hutaobo/topolink_cci_benchmark_2026-04/runs/full_common/laris/raw			PSAP-LRP1	laris	1.6539099595657891	1.9294478212706785	0.5												
laris	common-db	APP	LRP1	Basal-like Structured DCIS Cells	CAFs, Invasive Associated	3.157035305801612	0.999974711384092	34.0	0.999974711384092		celltype_pair	knn_diffusion_lr	/cfs/klemming/scratch/h/hutaobo/topolink_cci_benchmark_2026-04/runs/full_common/laris/raw			APP-LRP1	laris	2.092890666426386	1.5084568708943855	0.5												
laris	common-db	VWF	ITGB1	Endothelial Cells	CAFs, Invasive Associated	3.1499751765569792	0.9999739450623978	35.0	0.9999739450623978		celltype_pair	knn_diffusion_lr	/cfs/klemming/scratch/h/hutaobo/topolink_cci_benchmark_2026-04/runs/full_common/laris/raw			VWF-ITGB1	laris	2.0100032004459494	1.5671493338210158	0.5												
laris	common-db	HSPG2	LRP1	Endothelial Cells	CAFs, Invasive Associated	3.0984301348332552	0.9999731787407036	36.0	0.9999731787407036		celltype_pair	knn_diffusion_lr	/cfs/klemming/scratch/h/hutaobo/topolink_cci_benchmark_2026-04/runs/full_common/laris/raw			HSPG2-LRP1	laris	2.054039591464191	1.5084568708943855	0.5												
liana	common-db	CXCL12	CD4	Unassigned	Plasma Cells	1.0	1.0	1.0	1.0		local_lr	spatial_bivariate_neighbor	/cfs/klemming/scratch/h/hutaobo/topolink_cci_benchmark_2026-04/runs/full_common/liana/raw			CXCL12-CD4	liana				1.0											
liana	common-db	VWF	STAB2	Mast Cells	Unassigned	1.0	0.9999959688743352	4.0	0.9999959688743352		local_lr	spatial_bivariate_neighbor	/cfs/klemming/scratch/h/hutaobo/topolink_cci_benchmark_2026-04/runs/full_common/liana/raw			VWF-STAB2	liana				1.0											
liana	common-db	APP	LRP1	Unassigned	Plasma Cells	0.9999998807907104	0.9999731258289002	21.0	0.9999731258289002		local_lr	spatial_bivariate_neighbor	/cfs/klemming/scratch/h/hutaobo/topolink_cci_benchmark_2026-04/runs/full_common/liana/raw			APP-LRP1	liana				0.9999998807907104											
liana	common-db	CCN2	LRP1	Unassigned	Plasma Cells	0.9999998807907104	0.9999717821203452	22.0	0.9999717821203452		local_lr	spatial_bivariate_neighbor	/cfs/klemming/scratch/h/hutaobo/topolink_cci_benchmark_2026-04/runs/full_common/liana/raw			CCN2-LRP1	liana				0.9999998807907104											
liana	common-db	CXCL12	ITGB1	Unassigned	Plasma Cells	0.9999998807907104	0.9999690947032353	24.0	0.9999690947032353		local_lr	spatial_bivariate_neighbor	/cfs/klemming/scratch/h/hutaobo/topolink_cci_benchmark_2026-04/runs/full_common/liana/raw			CXCL12-ITGB1	liana				0.9999998807907104											
liana	common-db	HSPG2	ITGB1	Unassigned	Plasma Cells	0.9999998807907104	0.9999637198690152	28.0	0.9999637198690152		local_lr	spatial_bivariate_neighbor	/cfs/klemming/scratch/h/hutaobo/topolink_cci_benchmark_2026-04/runs/full_common/liana/raw			HSPG2-ITGB1	liana				0.9999998807907104											
liana	common-db	HSPG2	LRP1	Unassigned	Plasma Cells	0.9999998807907104	0.9999623761604604	29.0	0.9999623761604604		local_lr	spatial_bivariate_neighbor	/cfs/klemming/scratch/h/hutaobo/topolink_cci_benchmark_2026-04/runs/full_common/liana/raw			HSPG2-LRP1	liana				0.9999998807907104											
liana	common-db	ICAM1	CAV1	Unassigned	Plasma Cells	0.9999998807907104	0.9999610324519052	30.0	0.9999610324519052		local_lr	spatial_bivariate_neighbor	/cfs/klemming/scratch/h/hutaobo/topolink_cci_benchmark_2026-04/runs/full_common/liana/raw			ICAM1-CAV1	liana				0.9999998807907104											
liana	common-db	TFPI	LRP1	Unassigned	Mast Cells	0.9999998807907104	0.9999543139091304	35.0	0.9999543139091304		local_lr	spatial_bivariate_neighbor	/cfs/klemming/scratch/h/hutaobo/topolink_cci_benchmark_2026-04/runs/full_common/liana/raw			TFPI-LRP1	liana				0.9999998807907104											
liana	common-db	AGRN	LRP1	Unassigned	Plasma Cells	0.9999997615814208	0.9999381894064704	47.0	0.9999381894064704		local_lr	spatial_bivariate_neighbor	/cfs/klemming/scratch/h/hutaobo/topolink_cci_benchmark_2026-04/runs/full_common/liana/raw			AGRN-LRP1	liana				0.9999997615814208											
liana	common-db	EFNB2	PECAM1	Unassigned	Plasma Cells	0.9999997615814208	0.9999207211952555	60.0	0.9999207211952555		local_lr	spatial_bivariate_neighbor	/cfs/klemming/scratch/h/hutaobo/topolink_cci_benchmark_2026-04/runs/full_common/liana/raw			EFNB2-PECAM1	liana				0.9999997615814208											
liana	common-db	GNAI2	CAV1	Mast Cells	Unassigned	0.9999997615814208	0.9999166900695908	63.0	0.9999166900695908		local_lr	spatial_bivariate_neighbor	/cfs/klemming/scratch/h/hutaobo/topolink_cci_benchmark_2026-04/runs/full_common/liana/raw			GNAI2-CAV1	liana				0.9999997615814208											
liana	common-db	MMP2	PECAM1	Unassigned	Plasma Cells	0.9999997615814208	0.9999086278182608	69.0	0.9999086278182608		local_lr	spatial_bivariate_neighbor	/cfs/klemming/scratch/h/hutaobo/topolink_cci_benchmark_2026-04/runs/full_common/liana/raw			MMP2-PECAM1	liana				0.9999997615814208											
liana	common-db	SERPINE1	LRP1	Unassigned	Plasma Cells	0.9999997615814208	0.9998965344412658	78.0	0.9998965344412658		local_lr	spatial_bivariate_neighbor	/cfs/klemming/scratch/h/hutaobo/topolink_cci_benchmark_2026-04/runs/full_common/liana/raw			SERPINE1-LRP1	liana				0.9999997615814208											
liana	common-db	TFPI	LRP1	Unassigned	Plasma Cells	0.9999997615814208	0.9998938470241558	80.0	0.9998938470241558		local_lr	spatial_bivariate_neighbor	/cfs/klemming/scratch/h/hutaobo/topolink_cci_benchmark_2026-04/runs/full_common/liana/raw			TFPI-LRP1	liana				0.9999997615814208											
liana	common-db	APOB	LRP1	Plasma Cells	Unassigned	0.999999225139618	0.999873691395831	95.0	0.999873691395831		local_lr	spatial_bivariate_neighbor	/cfs/klemming/scratch/h/hutaobo/topolink_cci_benchmark_2026-04/runs/full_common/liana/raw			APOB-LRP1	liana				0.999999225139618											
liana	common-db	CALR	LRP1	Plasma Cells	Unassigned	0.999999225139618	0.999872347687276	96.0	0.999872347687276		local_lr	spatial_bivariate_neighbor	/cfs/klemming/scratch/h/hutaobo/topolink_cci_benchmark_2026-04/runs/full_common/liana/raw			CALR-LRP1	liana				0.999999225139618											
liana	common-db	COL4A2	ITGB3	Plasma Cells	Unassigned	0.9999986290931702	0.9998656291445012	101.0	0.9998656291445012		local_lr	spatial_bivariate_neighbor	/cfs/klemming/scratch/h/hutaobo/topolink_cci_benchmark_2026-04/runs/full_common/liana/raw			COL4A2-ITGB3	liana				0.9999986290931702											
liana	common-db	COL4A1	CD44	Macrophages	Unassigned	0.972186656575384	0.9998521920589512	111.0	0.9998521920589512		local_lr	spatial_bivariate_neighbor	/cfs/klemming/scratch/h/hutaobo/topolink_cci_benchmark_2026-04/runs/full_common/liana/raw			COL4A1-CD44	liana				0.972186656575384											
liana	common-db	CCN2	LRP1	Unassigned	B Cells	0.9215314108185771	0.9998078496766364	144.0	0.9998078496766364		local_lr	spatial_bivariate_neighbor	/cfs/klemming/scratch/h/hutaobo/topolink_cci_benchmark_2026-04/runs/full_common/liana/raw			CCN2-LRP1	liana				0.9215314108185771											
spatialdm	common-db	CDH1	IGF1R	11q13 Invasive Tumor Cells	Endothelial Cells	102243.12193767408	0.9999775796315435	11.0	0.9999775796315435	0.0	local_lr	bivariate_moran_neighbor	/cfs/klemming/scratch/h/hutaobo/topolink_cci_benchmark_2026-04/runs/full_common/spatialdm/raw			CDH1-IGF1R	spatialdm				0.097440775638927	234.4425061872585	2406.0	0.3625444433353491	340.8104064589136							
spatialdm	common-db	CDH1	IGF1R	11q13 Invasive Tumor Cells (G1/S)	Endothelial Cells	102243.12193767408	0.9999372229683222	29.0	0.9999372229683222	0.0	local_lr	bivariate_moran_neighbor	/cfs/klemming/scratch/h/hutaobo/topolink_cci_benchmark_2026-04/runs/full_common/spatialdm/raw			CDH1-IGF1R	spatialdm				0.0579030454628565	7.353686773782783	127.0	0.3625444433353491	340.8104064589136							
spatialdm	common-db	CDH1	IGF1R	11q13 Invasive Tumor Cells (Mitotic)	Endothelial Cells	102243.12193767408	0.9998991083419464	46.0	0.9998991083419464	0.0	local_lr	bivariate_moran_neighbor	/cfs/klemming/scratch/h/hutaobo/topolink_cci_benchmark_2026-04/runs/full_common/spatialdm/raw			CDH1-IGF1R	spatialdm				0.0817052280163221	13.971593990791083	171.0	0.3625444433353491	340.8104064589136							
spatialdm	common-db	CDH1	IGF1R	Apocrine Cells	Endothelial Cells	102243.12193767408	0.9998722038997988	58.0	0.9998722038997988	0.0	local_lr	bivariate_moran_neighbor	/cfs/klemming/scratch/h/hutaobo/topolink_cci_benchmark_2026-04/runs/full_common/spatialdm/raw			CDH1-IGF1R	spatialdm				0.1955790842868367	1.369053590007857	7.0	0.3625444433353491	340.8104064589136							
spatialdm	common-db	CDH1	IGF1R	B Cells	Endothelial Cells	102243.12193767408	0.9998385733471143	73.0	0.9998385733471143	0.0	local_lr	bivariate_moran_neighbor	/cfs/klemming/scratch/h/hutaobo/topolink_cci_benchmark_2026-04/runs/full_common/spatialdm/raw			CDH1-IGF1R	spatialdm				0.0007631541300642	0.6647072472859511	871.0	0.3625444433353491	340.8104064589136							
spatialdm	common-db	CDH1	IGF1R	Basal-like Structured DCIS Cells	Endothelial Cells	102243.12193767408	0.9998027007575844	89.0	0.9998027007575844	0.0	local_lr	bivariate_moran_neighbor	/cfs/klemming/scratch/h/hutaobo/topolink_cci_benchmark_2026-04/runs/full_common/spatialdm/raw			CDH1-IGF1R	spatialdm				0.0840446095779686	80.09451292780413	953.0	0.3625444433353491	340.8104064589136							
spatialdm	common-db	CDH1	IGF1R	CAFs, DCIS Associated	Endothelial Cells	102243.12193767408	0.9997645861312084	106.0	0.9997645861312084	0.0	local_lr	bivariate_moran_neighbor	/cfs/klemming/scratch/h/hutaobo/topolink_cci_benchmark_2026-04/runs/full_common/spatialdm/raw			CDH1-IGF1R	spatialdm				0.0026560114687491	25.8004954074295	9714.0	0.3625444433353491	340.8104064589136							
spatialdm	common-db	CDH1	IGF1R	CAFs, Invasive Associated	Endothelial Cells	102243.12193767408	0.9997264715048328	123.0	0.9997264715048328	0.0	local_lr	bivariate_moran_neighbor	/cfs/klemming/scratch/h/hutaobo/topolink_cci_benchmark_2026-04/runs/full_common/spatialdm/raw			CDH1-IGF1R	spatialdm				0.0038600974829803	7.72019496596076	2000.0	0.3625444433353491	340.8104064589136							
spatialdm	common-db	CDH1	IGF1R	CXCL14+ Fibroblasts	Endothelial Cells	102243.12193767408	0.9997018090995308	134.0	0.9997018090995308	0.0	local_lr	bivariate_moran_neighbor	/cfs/klemming/scratch/h/hutaobo/topolink_cci_benchmark_2026-04/runs/full_common/spatialdm/raw			CDH1-IGF1R	spatialdm				0.0003566491880995	0.5834780717308234	1636.0	0.3625444433353491	340.8104064589136							
spatialdm	common-db	CDH1	IGF1R	Dendritic Cells	Endothelial Cells	102243.12193767408	0.9996726626205376	147.0	0.9996726626205376	0.0	local_lr	bivariate_moran_neighbor	/cfs/klemming/scratch/h/hutaobo/topolink_cci_benchmark_2026-04/runs/full_common/spatialdm/raw			CDH1-IGF1R	spatialdm				0.0044538505220838	5.718744070355715	1284.0	0.3625444433353491	340.8104064589136							
spatialdm	common-db	CDH1	IGF1R	Endothelial Cells	11q13 Invasive Tumor Cells	102243.12193767408	0.9996547263257723	155.0	0.9996547263257723	0.0	local_lr	bivariate_moran_neighbor	/cfs/klemming/scratch/h/hutaobo/topolink_cci_benchmark_2026-04/runs/full_common/spatialdm/raw			CDH1-IGF1R	spatialdm				0.0490106641019842	155.41281586739217	3171.0	0.3625444433353491	340.8104064589136							
spatialdm	common-db	CDH1	IGF1R	Endothelial Cells	11q13 Invasive Tumor Cells (G1/S)	102243.12193767408	0.9996524842889268	156.0	0.9996524842889268	0.0	local_lr	bivariate_moran_neighbor	/cfs/klemming/scratch/h/hutaobo/topolink_cci_benchmark_2026-04/runs/full_common/spatialdm/raw			CDH1-IGF1R	spatialdm				0.0251976823756824	3.98123381535782	158.0	0.3625444433353491	340.8104064589136							
spatialdm	common-db	CDH1	IGF1R	Endothelial Cells	11q13 Invasive Tumor Cells (Mitotic)	102243.12193767408	0.9996502422520812	157.0	0.9996502422520812	0.0	local_lr	bivariate_moran_neighbor	/cfs/klemming/scratch/h/hutaobo/topolink_cci_benchmark_2026-04/runs/full_common/spatialdm/raw			CDH1-IGF1R	spatialdm				0.0489320654911163	9.78641309822326	200.0	0.3625444433353491	340.8104064589136							
spatialdm	common-db	CDH1	IGF1R	Endothelial Cells	B Cells	102243.12193767408	0.9996480002152356	158.0	0.9996480002152356	0.0	local_lr	bivariate_moran_neighbor	/cfs/klemming/scratch/h/hutaobo/topolink_cci_benchmark_2026-04/runs/full_common/spatialdm/raw			CDH1-IGF1R	spatialdm				0.0010210002354067	0.8729552012727728	855.0	0.3625444433353491	340.8104064589136							
spatialdm	common-db	CDH1	IGF1R	Endothelial Cells	Basal-like Structured DCIS Cells	102243.12193767408	0.99964575817839	159.0	0.99964575817839	0.0	local_lr	bivariate_moran_neighbor	/cfs/klemming/scratch/h/hutaobo/topolink_cci_benchmark_2026-04/runs/full_common/spatialdm/raw			CDH1-IGF1R	spatialdm				0.027977046706369	32.00574143208615	1144.0	0.3625444433353491	340.8104064589136							
spatialdm	common-db	CDH1	IGF1R	Endothelial Cells	CAFs, DCIS Associated	102243.12193767408	0.9996435161415442	160.0	0.9996435161415442	0.0	local_lr	bivariate_moran_neighbor	/cfs/klemming/scratch/h/hutaobo/topolink_cci_benchmark_2026-04/runs/full_common/spatialdm/raw			CDH1-IGF1R	spatialdm				0.0054558259085719	44.64502340984395	8183.0	0.3625444433353491	340.8104064589136							
spatialdm	common-db	CDH1	IGF1R	Endothelial Cells	CAFs, Invasive Associated	102243.12193767408	0.9996412741046986	161.0	0.9996412741046986	0.0	local_lr	bivariate_moran_neighbor	/cfs/klemming/scratch/h/hutaobo/topolink_cci_benchmark_2026-04/runs/full_common/spatialdm/raw			CDH1-IGF1R	spatialdm				0.0075026130039825	14.172435964523093	1889.0	0.3625444433353491	340.8104064589136							
spatialdm	common-db	CDH1	IGF1R	Endothelial Cells	CXCL14+ Fibroblasts	102243.12193767408	0.999639032067853	162.0	0.999639032067853	0.0	local_lr	bivariate_moran_neighbor	/cfs/klemming/scratch/h/hutaobo/topolink_cci_benchmark_2026-04/runs/full_common/spatialdm/raw			CDH1-IGF1R	spatialdm				0.0039028253880556	5.963517192948959	1528.0	0.3625444433353491	340.8104064589136							
spatialdm	common-db	CDH1	IGF1R	Endothelial Cells	Dendritic Cells	102243.12193767408	0.9996367900310074	163.0	0.9996367900310074	0.0	local_lr	bivariate_moran_neighbor	/cfs/klemming/scratch/h/hutaobo/topolink_cci_benchmark_2026-04/runs/full_common/spatialdm/raw			CDH1-IGF1R	spatialdm				0.0022643041202578	2.807737109119721	1240.0	0.3625444433353491	340.8104064589136							
spatialdm	common-db	CDH1	IGF1R	Endothelial Cells	Endothelial Cells	102243.12193767408	0.9996345479941616	164.0	0.9996345479941616	0.0	local_lr	bivariate_moran_neighbor	/cfs/klemming/scratch/h/hutaobo/topolink_cci_benchmark_2026-04/runs/full_common/spatialdm/raw			CDH1-IGF1R	spatialdm				0.0047369822360404	42.921796040762665	9061.0	0.3625444433353491	340.8104064589136							
stlearn	common-db	ADAM17	MUC1	11q13 Invasive Tumor Cells	Endothelial Cells	9673.000000000002	0.999980209032202	11.0	0.999980209032202		local_lr	significant_lr_hotspot_neighbor	/cfs/klemming/scratch/h/hutaobo/topolink_cci_benchmark_2026-04/runs/full_common/stlearn/raw			ADAM17-MUC1	stlearn				0.0460927808136546	210.96665778409744	4577.0			48049.0	9673.0	18118.0				
stlearn	common-db	ADAM17	MUC1	11q13 Invasive Tumor Cells (G1/S)	Endothelial Cells	9673.000000000002	0.9999465643869452	28.0	0.9999465643869452		local_lr	significant_lr_hotspot_neighbor	/cfs/klemming/scratch/h/hutaobo/topolink_cci_benchmark_2026-04/runs/full_common/stlearn/raw			ADAM17-MUC1	stlearn				0.0257869504152432	5.77627689301448	224.0			48049.0	9673.0	18118.0				
stlearn	common-db	ADAM17	MUC1	11q13 Invasive Tumor Cells (Mitotic)	Endothelial Cells	9673.000000000002	0.9999188570320278	42.0	0.9999188570320278		local_lr	significant_lr_hotspot_neighbor	/cfs/klemming/scratch/h/hutaobo/topolink_cci_benchmark_2026-04/runs/full_common/stlearn/raw			ADAM17-MUC1	stlearn				0.0205309515594602	6.631497353705672	323.0			48049.0	9673.0	18118.0				
stlearn	common-db	ADAM17	MUC1	Apocrine Cells	Endothelial Cells	9673.000000000002	0.99989510787067	54.0	0.99989510787067		local_lr	significant_lr_hotspot_neighbor	/cfs/klemming/scratch/h/hutaobo/topolink_cci_benchmark_2026-04/runs/full_common/stlearn/raw			ADAM17-MUC1	stlearn				0.1016524687297422	2.033049374594844	20.0			48049.0	9673.0	18118.0				
stlearn	common-db	ADAM17	MUC1	Basal-like Structured DCIS Cells	Endothelial Cells	9673.000000000002	0.9998476095479544	78.0	0.9998476095479544		local_lr	significant_lr_hotspot_neighbor	/cfs/klemming/scratch/h/hutaobo/topolink_cci_benchmark_2026-04/runs/full_common/stlearn/raw			ADAM17-MUC1	stlearn				0.0375296693872387	58.2835765583817	1553.0			48049.0	9673.0	18118.0				
stlearn	common-db	ADAM17	MUC1	CAFs, DCIS Associated	Endothelial Cells	9673.000000000002	0.999810006709138	97.0	0.999810006709138		local_lr	significant_lr_hotspot_neighbor	/cfs/klemming/scratch/h/hutaobo/topolink_cci_benchmark_2026-04/runs/full_common/stlearn/raw			ADAM17-MUC1	stlearn				0.0908368842167472	1240.6501646323338	13658.0			48049.0	9673.0	18118.0				
stlearn	common-db	ADAM17	MUC1	CAFs, Invasive Associated	Endothelial Cells	9673.000000000002	0.9997743829671016	115.0	0.9997743829671016		local_lr	significant_lr_hotspot_neighbor	/cfs/klemming/scratch/h/hutaobo/topolink_cci_benchmark_2026-04/runs/full_common/stlearn/raw			ADAM17-MUC1	stlearn				0.0463982875859541	129.72961209032786	2796.0			48049.0	9673.0	18118.0				
stlearn	common-db	ADAM17	MUC1	CXCL14+ Fibroblasts	Endothelial Cells	9673.000000000002	0.999748654708964	128.0	0.999748654708964		local_lr	significant_lr_hotspot_neighbor	/cfs/klemming/scratch/h/hutaobo/topolink_cci_benchmark_2026-04/runs/full_common/stlearn/raw			ADAM17-MUC1	stlearn				0.0455549100445293	107.8740269854456	2368.0			48049.0	9673.0	18118.0				
stlearn	common-db	ADAM17	MUC1	Dendritic Cells	Endothelial Cells	9673.000000000002	0.9997189682572668	143.0	0.9997189682572668		local_lr	significant_lr_hotspot_neighbor	/cfs/klemming/scratch/h/hutaobo/topolink_cci_benchmark_2026-04/runs/full_common/stlearn/raw			ADAM17-MUC1	stlearn				0.0572239896120531	109.06892420057328	1906.0			48049.0	9673.0	18118.0				
stlearn	common-db	ADAM17	MUC1	Endothelial Cells	11q13 Invasive Tumor Cells	9673.000000000002	0.9997031354830282	151.0	0.9997031354830282		local_lr	significant_lr_hotspot_neighbor	/cfs/klemming/scratch/h/hutaobo/topolink_cci_benchmark_2026-04/runs/full_common/stlearn/raw			ADAM17-MUC1	stlearn				0.4687512127414991	2145.4743007178417	4577.0			48049.0	9673.0	18118.0				
stlearn	common-db	ADAM17	MUC1	Endothelial Cells	11q13 Invasive Tumor Cells (G1/S)	9673.000000000002	0.9997011563862483	152.0	0.9997011563862483		local_lr	significant_lr_hotspot_neighbor	/cfs/klemming/scratch/h/hutaobo/topolink_cci_benchmark_2026-04/runs/full_common/stlearn/raw			ADAM17-MUC1	stlearn				0.5240477893038658	117.38670480406591	224.0			48049.0	9673.0	18118.0				
stlearn	common-db	ADAM17	MUC1	Endothelial Cells	11q13 Invasive Tumor Cells (Mitotic)	9673.000000000002	0.9996991772894688	153.0	0.9996991772894688		local_lr	significant_lr_hotspot_neighbor	/cfs/klemming/scratch/h/hutaobo/topolink_cci_benchmark_2026-04/runs/full_common/stlearn/raw			ADAM17-MUC1	stlearn				0.6503243240859783	210.054756679771	323.0			48049.0	9673.0	18118.0				
stlearn	common-db	ADAM17	MUC1	Endothelial Cells	Apocrine Cells	9673.000000000002	0.9996971981926888	154.0	0.9996971981926888		local_lr	significant_lr_hotspot_neighbor	/cfs/klemming/scratch/h/hutaobo/topolink_cci_benchmark_2026-04/runs/full_common/stlearn/raw			ADAM17-MUC1	stlearn				0.3022360585951387	6.044721171902774	20.0			48049.0	9673.0	18118.0				
stlearn	common-db	ADAM17	MUC1	Endothelial Cells	B Cells	9673.000000000002	0.999695219095909	155.0	0.999695219095909		local_lr	significant_lr_hotspot_neighbor	/cfs/klemming/scratch/h/hutaobo/topolink_cci_benchmark_2026-04/runs/full_common/stlearn/raw			ADAM17-MUC1	stlearn				0.0036535161665248	4.793413210480551	1312.0			48049.0	9673.0	18118.0				
stlearn	common-db	ADAM17	MUC1	Endothelial Cells	Basal-like Structured DCIS Cells	9673.000000000002	0.9996932399991292	156.0	0.9996932399991292		local_lr	significant_lr_hotspot_neighbor	/cfs/klemming/scratch/h/hutaobo/topolink_cci_benchmark_2026-04/runs/full_common/stlearn/raw			ADAM17-MUC1	stlearn				0.3567623759914051	554.0519699146522	1553.0			48049.0	9673.0	18118.0				
stlearn	common-db	ADAM17	MUC1	Endothelial Cells	CAFs, DCIS Associated	9673.000000000002	0.9996912609023494	157.0	0.9996912609023494		local_lr	significant_lr_hotspot_neighbor	/cfs/klemming/scratch/h/hutaobo/topolink_cci_benchmark_2026-04/runs/full_common/stlearn/raw			ADAM17-MUC1	stlearn				0.0691653488428262	944.6603344953212	13658.0			48049.0	9673.0	18118.0				
stlearn	common-db	ADAM17	MUC1	Endothelial Cells	CAFs, Invasive Associated	9673.000000000002	0.9996892818055696	158.0	0.9996892818055696		local_lr	significant_lr_hotspot_neighbor	/cfs/klemming/scratch/h/hutaobo/topolink_cci_benchmark_2026-04/runs/full_common/stlearn/raw			ADAM17-MUC1	stlearn				0.0584943888837957	163.55031131909288	2796.0			48049.0	9673.0	18118.0				
stlearn	common-db	ADAM17	MUC1	Endothelial Cells	CXCL14+ Fibroblasts	9673.000000000002	0.9996873027087898	159.0	0.9996873027087898		local_lr	significant_lr_hotspot_neighbor	/cfs/klemming/scratch/h/hutaobo/topolink_cci_benchmark_2026-04/runs/full_common/stlearn/raw			ADAM17-MUC1	stlearn				0.1098496807083518	260.1240439173772	2368.0			48049.0	9673.0	18118.0				
stlearn	common-db	ADAM17	MUC1	Endothelial Cells	Dendritic Cells	9673.000000000002	0.99968532361201	160.0	0.99968532361201		local_lr	significant_lr_hotspot_neighbor	/cfs/klemming/scratch/h/hutaobo/topolink_cci_benchmark_2026-04/runs/full_common/stlearn/raw			ADAM17-MUC1	stlearn				0.020125184654976	38.35860195238439	1906.0			48049.0	9673.0	18118.0				
stlearn	common-db	ADAM17	MUC1	Endothelial Cells	Endothelial Cells	9673.000000000002	0.99968334451523	161.0	0.99968334451523		local_lr	significant_lr_hotspot_neighbor	/cfs/klemming/scratch/h/hutaobo/topolink_cci_benchmark_2026-04/runs/full_common/stlearn/raw			ADAM17-MUC1	stlearn				0.0532105460931864	622.8826525668406	11706.0			48049.0	9673.0	18118.0				
pyxenium	common-db	VWF	SELP	Endothelial Cells	Endothelial Cells	0.7912892368005828	1.0	1.0	1.0		celltype_pair	topology_local_contact	/cfs/klemming/scratch/h/hutaobo/topolink_cci_benchmark_2026-04/runs/full_common/pyxenium/artifacts			VWF-SELP	pyxenium												0.2912449657481761	1.0	0.1111198059316065	12779.0
pyxenium	common-db	VWF	LRP1	Endothelial Cells	CAFs, DCIS Associated	0.7479758913021439	0.9999992421946045	2.0	0.9999992421946045		celltype_pair	topology_local_contact	/cfs/klemming/scratch/h/hutaobo/topolink_cci_benchmark_2026-04/runs/full_common/pyxenium/artifacts			VWF-LRP1	pyxenium												0.3461937505325735	1.0	0.1319036006311863	13942.0
pyxenium	common-db	EFNB2	PECAM1	Endothelial Cells	Endothelial Cells	0.7469197326713805	0.9999984843892088	3.0	0.9999984843892088		celltype_pair	topology_local_contact	/cfs/klemming/scratch/h/hutaobo/topolink_cci_benchmark_2026-04/runs/full_common/pyxenium/artifacts			EFNB2-PECAM1	pyxenium												0.2101050418451564	1.0	0.0578292511151107	12779.0
pyxenium	common-db	MMRN2	CLEC14A	Endothelial Cells	Endothelial Cells	0.7322091602540813	0.9999962109730222	6.0	0.9999962109730222		celltype_pair	topology_local_contact	/cfs/klemming/scratch/h/hutaobo/topolink_cci_benchmark_2026-04/runs/full_common/pyxenium/artifacts			MMRN2-CLEC14A	pyxenium												0.1738559319741048	1.0	0.0395962125361921	12779.0
pyxenium	common-db	HSPG2	LRP1	Endothelial Cells	CAFs, DCIS Associated	0.7279607350660221	0.9999954531676264	7.0	0.9999954531676264		celltype_pair	topology_local_contact	/cfs/klemming/scratch/h/hutaobo/topolink_cci_benchmark_2026-04/runs/full_common/pyxenium/artifacts			HSPG2-LRP1	pyxenium												0.31885311072451	1.0	0.1118921245158513	13942.0
pyxenium	common-db	COL4A2	CD93	Endothelial Cells	Endothelial Cells	0.7118996799523881	0.9999939375568354	9.0	0.9999939375568354		celltype_pair	topology_local_contact	/cfs/klemming/scratch/h/hutaobo/topolink_cci_benchmark_2026-04/runs/full_common/pyxenium/artifacts			COL4A2-CD93	pyxenium												0.1669998679965045	0.9954762497320926	0.0367008373112137	12779.0
pyxenium	common-db	MMRN2	CD93	Endothelial Cells	Endothelial Cells	0.7107166026857937	0.99999317975144	10.0	0.99999317975144		celltype_pair	topology_local_contact	/cfs/klemming/scratch/h/hutaobo/topolink_cci_benchmark_2026-04/runs/full_common/pyxenium/artifacts			MMRN2-CD93	pyxenium												0.1484661470807383	1.0	0.0288754988653259	12779.0
pyxenium	common-db	VWF	ITGA9	Endothelial Cells	Endothelial Cells	0.7083995070560564	0.9999924219460442	11.0	0.9999924219460442		celltype_pair	topology_local_contact	/cfs/klemming/scratch/h/hutaobo/topolink_cci_benchmark_2026-04/runs/full_common/pyxenium/artifacts			VWF-ITGA9	pyxenium												0.1406138993850457	1.0	0.0259018702558885	12779.0
pyxenium	common-db	MMP2	PECAM1	CAFs, DCIS Associated	Endothelial Cells	0.6971282135184347	0.9999909063352532	13.0	0.9999909063352532		celltype_pair	topology_local_contact	/cfs/klemming/scratch/h/hutaobo/topolink_cci_benchmark_2026-04/runs/full_common/pyxenium/artifacts			MMP2-PECAM1	pyxenium												0.2317164323896752	1.0	0.0536925050393989	16371.0
pyxenium	common-db	COL4A1	CD93	Endothelial Cells	Endothelial Cells	0.6965751554743362	0.9999901485298576	14.0	0.9999901485298576		celltype_pair	topology_local_contact	/cfs/klemming/scratch/h/hutaobo/topolink_cci_benchmark_2026-04/runs/full_common/pyxenium/artifacts			COL4A1-CD93	pyxenium												0.1668262385778408	0.9488962135774316	0.038422411769309	12779.0
pyxenium	common-db	CXCL12	ITGA5	CAFs, DCIS Associated	Endothelial Cells	0.6886191799307758	0.999989390724462	15.0	0.999989390724462		celltype_pair	topology_local_contact	/cfs/klemming/scratch/h/hutaobo/topolink_cci_benchmark_2026-04/runs/full_common/pyxenium/artifacts			CXCL12-ITGA5	pyxenium												0.1744122830918492	1.0	0.0304196444933113	16371.0
pyxenium	common-db	CD34	SELP	Endothelial Cells	Endothelial Cells	0.6842280929589697	0.9999878751136708	17.0	0.9999878751136708		celltype_pair	topology_local_contact	/cfs/klemming/scratch/h/hutaobo/topolink_cci_benchmark_2026-04/runs/full_common/pyxenium/artifacts			CD34-SELP	pyxenium												0.1217138767253422	1.0	0.0194068393458017	12779.0
pyxenium	common-db	VEGFC	FLT1	Endothelial Cells	Endothelial Cells	0.6835286288881741	0.9999871173082752	18.0	0.9999871173082752		celltype_pair	topology_local_contact	/cfs/klemming/scratch/h/hutaobo/topolink_cci_benchmark_2026-04/runs/full_common/pyxenium/artifacts			VEGFC-FLT1	pyxenium												0.1331963977536949	1.0	0.0232412551842867	12779.0
pyxenium	common-db	CXCL12	AVPR1A	CAFs, DCIS Associated	Pericytes	0.677852474314717	0.9999863595028796	19.0	0.9999863595028796		celltype_pair	topology_local_contact	/cfs/klemming/scratch/h/hutaobo/topolink_cci_benchmark_2026-04/runs/full_common/pyxenium/artifacts			CXCL12-AVPR1A	pyxenium												0.1572455234165747	1.0	0.0247261546345525	15611.0
pyxenium	common-db	CCN1	CAV1	CAFs, DCIS Associated	Endothelial Cells	0.6766771533392466	0.999985601697484	20.0	0.999985601697484		celltype_pair	topology_local_contact	/cfs/klemming/scratch/h/hutaobo/topolink_cci_benchmark_2026-04/runs/full_common/pyxenium/artifacts			CCN1-CAV1	pyxenium												0.1930951050542117	0.9861139184239592	0.0378107629344572	16371.0
pyxenium	common-db	EDN1	ADGRL4	Endothelial Cells	Endothelial Cells	0.6734470755024204	0.9999848438920884	21.0	0.9999848438920884		celltype_pair	topology_local_contact	/cfs/klemming/scratch/h/hutaobo/topolink_cci_benchmark_2026-04/runs/full_common/pyxenium/artifacts			EDN1-ADGRL4	pyxenium												0.1019503871084396	1.0	0.0136160888958447	12779.0
pyxenium	common-db	DLL4	NOTCH3	Endothelial Cells	Pericytes	0.6695148471220083	0.9999825704759018	24.0	0.9999825704759018		celltype_pair	topology_local_contact	/cfs/klemming/scratch/h/hutaobo/topolink_cci_benchmark_2026-04/runs/full_common/pyxenium/artifacts			DLL4-NOTCH3	pyxenium												0.135465098207694	1.0	0.0303190087002372	11379.0
pyxenium	common-db	C3	LRP1	CAFs, DCIS Associated	CAFs, DCIS Associated	0.6685524242873452	0.9999818126705062	25.0	0.9999818126705062		celltype_pair	topology_local_contact	/cfs/klemming/scratch/h/hutaobo/topolink_cci_benchmark_2026-04/runs/full_common/pyxenium/artifacts			C3-LRP1	pyxenium												0.1700215762644027	1.0	0.0289073363954321	94924.0
pyxenium	common-db	A2M	LRP1	Endothelial Cells	CAFs, DCIS Associated	0.6652291956976334	0.9999810548651108	26.0	0.9999810548651108		celltype_pair	topology_local_contact	/cfs/klemming/scratch/h/hutaobo/topolink_cci_benchmark_2026-04/runs/full_common/pyxenium/artifacts			A2M-LRP1	pyxenium												0.1832027437627448	1.0	0.0369387462343996	13942.0
pyxenium	common-db	CXCL12	ITGA4	CAFs, DCIS Associated	T Lymphocytes	0.6620786139506267	0.999980297059715	27.0	0.999980297059715		celltype_pair	topology_local_contact	/cfs/klemming/scratch/h/hutaobo/topolink_cci_benchmark_2026-04/runs/full_common/pyxenium/artifacts			CXCL12-ITGA4	pyxenium												0.1645204742753035	1.0	0.0430024129610479	11604.0
